[
    {
        "id": 1,
        "Docname": "Dr. Ruby Perrin",
        "Docspeciality": "Dental",
        "Patname": "Charelene Reed",
        "appointmenttime": [
            {"date": "10 Jan 2021"},
            {"time": "11:00AM-11:30AM"}
        ],
        "amount": 3200.00,
        "Docimg": "https://media.istockphoto.com/id/1311511363/photo/headshot-portrait-of-smiling-male-doctor-with-tablet.jpg?s=612x612&w=0&k=20&c=w5TecWtlA_ZHRpfGh20II-nq5AvnhpFu6BfOfMHuLMA=",
        "Pimg": "https://media.istockphoto.com/id/1311511363/photo/headshot-portrait-of-smiling-male-doctor-with-tablet.jpg?s=612x612&w=0&k=20&c=w5TecWtlA_ZHRpfGh20II-nq5AvnhpFu6BfOfMHuLMA="
        
    },
    {
        "id": 2,
        "Docname": "Dr. Ruby Perrin",
        "Docspeciality": "Dental",
        "Patname": "Charelene Reed",
        "appointmenttime": [
            {"date": "10 Jan 2021"},
            {"time": "11:00AM-11:30AM"}
        ],
        "amount": 3200.00,
        "Docimg": "https://media.istockphoto.com/id/1311511363/photo/headshot-portrait-of-smiling-male-doctor-with-tablet.jpg?s=612x612&w=0&k=20&c=w5TecWtlA_ZHRpfGh20II-nq5AvnhpFu6BfOfMHuLMA=",
        "Pimg": "https://media.istockphoto.com/id/1311511363/photo/headshot-portrait-of-smiling-male-doctor-with-tablet.jpg?s=612x612&w=0&k=20&c=w5TecWtlA_ZHRpfGh20II-nq5AvnhpFu6BfOfMHuLMA="
        
    },
    {
        "id": 3,
        "Docname": "Dr. Ruby Perrin",
        "Docspeciality": "Dental",
        "Patname": "Charelene Reed",
        "appointmenttime": [
            {"date": "10 Jan 2021"},
            {"time": "11:00AM-11:30AM"}
        ],
        "amount": 3200.00,
        "Docimg": "https://media.istockphoto.com/id/1311511363/photo/headshot-portrait-of-smiling-male-doctor-with-tablet.jpg?s=612x612&w=0&k=20&c=w5TecWtlA_ZHRpfGh20II-nq5AvnhpFu6BfOfMHuLMA=",
        "Pimg": "https://media.istockphoto.com/id/1311511363/photo/headshot-portrait-of-smiling-male-doctor-with-tablet.jpg?s=612x612&w=0&k=20&c=w5TecWtlA_ZHRpfGh20II-nq5AvnhpFu6BfOfMHuLMA="
        
    },
    {
        "id": 4,
        "Docname": "Dr. Ruby Perrin",
        "Docspeciality": "Dental",
        "Patname": "Charelene Reed",
        "appointmenttime": [
            {"date": "10 Jan 2021"},
            {"time": "11:00AM-11:30AM"}
        ],
        "amount": 3200.00,
        "Docimg": "https://media.istockphoto.com/id/1311511363/photo/headshot-portrait-of-smiling-male-doctor-with-tablet.jpg?s=612x612&w=0&k=20&c=w5TecWtlA_ZHRpfGh20II-nq5AvnhpFu6BfOfMHuLMA=",
        "Pimg": "https://media.istockphoto.com/id/1311511363/photo/headshot-portrait-of-smiling-male-doctor-with-tablet.jpg?s=612x612&w=0&k=20&c=w5TecWtlA_ZHRpfGh20II-nq5AvnhpFu6BfOfMHuLMA="
        
    },
    {
        "id": 5,
        "Docname": "Dr. Ruby Perrin",
        "Docspeciality": "Dental",
        "Patname": "Charelene Reed",
        "appointmenttime": [
            {"date": "10 Jan 2021"},
            {"time": "11:00AM-11:30AM"}
        ],
        "amount": 3200.00,
        "Docimg": "https://media.istockphoto.com/id/1311511363/photo/headshot-portrait-of-smiling-male-doctor-with-tablet.jpg?s=612x612&w=0&k=20&c=w5TecWtlA_ZHRpfGh20II-nq5AvnhpFu6BfOfMHuLMA=",
        "Pimg": "https://media.istockphoto.com/id/1311511363/photo/headshot-portrait-of-smiling-male-doctor-with-tablet.jpg?s=612x612&w=0&k=20&c=w5TecWtlA_ZHRpfGh20II-nq5AvnhpFu6BfOfMHuLMA="
        
    }
]