[
    {
        "id": 1,
        "name": "Dr. Ruby Perrin",
        "speciality": "Dental",
        "earning": 3200.00,
        "reviews":"",
        "img": "https://media.istockphoto.com/id/1311511363/photo/headshot-portrait-of-smiling-male-doctor-with-tablet.jpg?s=612x612&w=0&k=20&c=w5TecWtlA_ZHRpfGh20II-nq5AvnhpFu6BfOfMHuLMA="
    },
    {
        "id": 2,
        "name": "Dr. Darren Elder",
        "speciality": "Dental",
        "earning": 3500.00,
        "reviews":"",
        "img": "https://media.istockphoto.com/id/1311511363/photo/headshot-portrait-of-smiling-male-doctor-with-tablet.jpg?s=612x612&w=0&k=20&c=w5TecWtlA_ZHRpfGh20II-nq5AvnhpFu6BfOfMHuLMA="
    },
    {
        "id": 3,
        "name": "Dr. Mayank Bist",
        "speciality": "Cardiology",
        "earning": 4200.00,
        "reviews":"",
        "img": "https://media.istockphoto.com/id/1311511363/photo/headshot-portrait-of-smiling-male-doctor-with-tablet.jpg?s=612x612&w=0&k=20&c=w5TecWtlA_ZHRpfGh20II-nq5AvnhpFu6BfOfMHuLMA="
    
    },
    {
        "id": 4,
        "name": "Dr. Ayush Stark",
        "speciality": "Gyane",
        "earning": 90000.00,
        "reviews":"",
        "img": "https://media.istockphoto.com/id/1311511363/photo/headshot-portrait-of-smiling-male-doctor-with-tablet.jpg?s=612x612&w=0&k=20&c=w5TecWtlA_ZHRpfGh20II-nq5AvnhpFu6BfOfMHuLMA="
    
    },
    {
        "id": 5,
        "name": "Dr. Aditiya Gotham",
        "speciality": "Urology",
        "earning": 10000.00,
        "reviews":"",
        "img": "https://media.istockphoto.com/id/1311511363/photo/headshot-portrait-of-smiling-male-doctor-with-tablet.jpg?s=612x612&w=0&k=20&c=w5TecWtlA_ZHRpfGh20II-nq5AvnhpFu6BfOfMHuLMA="
    
    }
]