[{"user_id":1,"username":"gcastelijn0","email":"wfarnaby0@e-recht24.de","phone_number":"568-590-6991","last_login":"7/15/2021"},
{"user_id":2,"username":"lstroyan1","email":"jpund1@google.it","phone_number":"726-391-3265","last_login":"7/21/2020"},
{"user_id":3,"username":"lduiged2","email":"csymms2@admin.ch","phone_number":"862-979-9634","last_login":"4/10/2020"},
{"user_id":4,"username":"alepoidevin3","email":"abassil3@dell.com","phone_number":"880-170-6877","last_login":"8/31/2021"},
{"user_id":5,"username":"tbouzan4","email":"oolliar4@nbcnews.com","phone_number":"436-308-4075","last_login":"8/12/2021"},
{"user_id":6,"username":"hlittrell5","email":"thollindale5@yelp.com","phone_number":"650-541-5467","last_login":"8/9/2021"},
{"user_id":7,"username":"rleddie6","email":"zhallford6@answers.com","phone_number":"213-126-1865","last_login":"11/29/2021"},
{"user_id":8,"username":"eklug7","email":"mmicco7@tinyurl.com","phone_number":"503-639-1283","last_login":"9/12/2020"},
{"user_id":9,"username":"atennison8","email":"ldmtrovic8@issuu.com","phone_number":"154-924-9281","last_login":"5/10/2021"},
{"user_id":10,"username":"gbastick9","email":"dashbey9@bing.com","phone_number":"817-788-1375","last_login":"1/20/2021"},
{"user_id":11,"username":"zdoughartiea","email":"salleburtona@theatlantic.com","phone_number":"708-434-8974","last_login":"9/20/2021"},
{"user_id":12,"username":"abinnellb","email":"swhittleseab@nytimes.com","phone_number":"585-795-6815","last_login":"6/15/2020"},
{"user_id":13,"username":"rstrikerc","email":"gdjakovicc@nsw.gov.au","phone_number":"208-875-6388","last_login":"5/14/2020"},
{"user_id":14,"username":"kcrownd","email":"lheineld@deviantart.com","phone_number":"501-173-1676","last_login":"2/3/2021"},
{"user_id":15,"username":"mthone","email":"tpostlee@un.org","phone_number":"525-244-6613","last_login":"11/8/2021"},
{"user_id":16,"username":"lelrickf","email":"jpauletf@sbwire.com","phone_number":"797-489-8531","last_login":"2/18/2021"},
{"user_id":17,"username":"cgougeg","email":"ahrynczykg@cdc.gov","phone_number":"611-495-2936","last_login":"1/3/2020"},
{"user_id":18,"username":"dcallfh","email":"tpadyh@xrea.com","phone_number":"908-880-4272","last_login":"11/13/2021"},
{"user_id":19,"username":"kburneti","email":"cbriarsi@samsung.com","phone_number":"672-256-6122","last_login":"9/15/2021"},
{"user_id":20,"username":"ssouthwardj","email":"chartej@twitter.com","phone_number":"304-149-9479","last_login":"10/24/2021"},
{"user_id":21,"username":"ksharlandk","email":"dkendellk@disqus.com","phone_number":"691-428-9808","last_login":"10/29/2020"},
{"user_id":22,"username":"ksulllyl","email":"cgreswelll@upenn.edu","phone_number":"309-270-7052","last_login":"11/30/2021"},
{"user_id":23,"username":"gmenurem","email":"mklimowskim@youku.com","phone_number":"984-733-5519","last_login":"2/7/2020"},
{"user_id":24,"username":"sthomkinsn","email":"gtomasicchion@nba.com","phone_number":"798-262-9597","last_login":"6/10/2021"},
{"user_id":25,"username":"babrahimo","email":"lgruteo@bluehost.com","phone_number":"245-512-8951","last_login":"10/13/2020"},
{"user_id":26,"username":"shanssmannp","email":"wmckeatingp@cocolog-nifty.com","phone_number":"959-218-2063","last_login":"12/11/2020"},
{"user_id":27,"username":"srowbottamq","email":"cbatteyq@wisc.edu","phone_number":"439-298-3988","last_login":"10/22/2021"},
{"user_id":28,"username":"emckailer","email":"cprallr@wufoo.com","phone_number":"967-646-1983","last_login":"9/15/2020"},
{"user_id":29,"username":"emaddras","email":"psissons@usgs.gov","phone_number":"379-622-7145","last_login":"4/26/2020"},
{"user_id":30,"username":"hveldenst","email":"cthomast@bing.com","phone_number":"924-736-7887","last_login":"3/16/2021"},
{"user_id":31,"username":"lspowartu","email":"nmcianu@sciencedirect.com","phone_number":"756-978-2353","last_login":"8/24/2021"},
{"user_id":32,"username":"vwettonv","email":"ttownesv@google.pl","phone_number":"900-279-4257","last_login":"2/8/2021"},
{"user_id":33,"username":"tsellmanw","email":"pcolinw@bloomberg.com","phone_number":"770-690-4431","last_login":"11/22/2021"},
{"user_id":34,"username":"jlathamx","email":"urelfex@deviantart.com","phone_number":"579-766-1034","last_login":"3/24/2020"},
{"user_id":35,"username":"mlabuschy","email":"tfurnissy@time.com","phone_number":"142-616-0991","last_login":"3/26/2020"},
{"user_id":36,"username":"dlingfootz","email":"lgatfieldz@amazon.de","phone_number":"630-574-3972","last_login":"6/17/2021"},
{"user_id":37,"username":"opaylie10","email":"kdjorvic10@abc.net.au","phone_number":"992-759-1644","last_login":"5/6/2021"},
{"user_id":38,"username":"bastle11","email":"ptomadoni11@vistaprint.com","phone_number":"402-459-8902","last_login":"11/4/2021"},
{"user_id":39,"username":"llyste12","email":"cbalasin12@altervista.org","phone_number":"146-663-9088","last_login":"10/3/2020"},
{"user_id":40,"username":"sgaye13","email":"sgreiser13@creativecommons.org","phone_number":"219-761-8231","last_login":"12/14/2021"},
{"user_id":41,"username":"lmarlon14","email":"tseefus14@independent.co.uk","phone_number":"231-953-9305","last_login":"7/9/2021"},
{"user_id":42,"username":"wsearjeant15","email":"dtitman15@google.cn","phone_number":"691-796-4551","last_login":"8/15/2020"},
{"user_id":43,"username":"cramsell16","email":"cpach16@typepad.com","phone_number":"499-531-9121","last_login":"3/18/2020"},
{"user_id":44,"username":"abarta17","email":"mghirardi17@feedburner.com","phone_number":"308-508-7237","last_login":"2/4/2021"},
{"user_id":45,"username":"emuzzall18","email":"ssantacrole18@opera.com","phone_number":"660-566-6178","last_login":"2/24/2021"},
{"user_id":46,"username":"vtomankowski19","email":"jbyway19@disqus.com","phone_number":"489-670-1932","last_login":"5/12/2021"},
{"user_id":47,"username":"dpietron1a","email":"bfeild1a@ovh.net","phone_number":"148-458-5994","last_login":"10/4/2020"},
{"user_id":48,"username":"cstickens1b","email":"cperfili1b@wikipedia.org","phone_number":"379-331-5016","last_login":"9/30/2021"},
{"user_id":49,"username":"agarmon1c","email":"ndrance1c@discuz.net","phone_number":"518-727-4665","last_login":"1/7/2021"},
{"user_id":50,"username":"mchallinor1d","email":"asimmance1d@vk.com","phone_number":"724-821-2031","last_login":"1/7/2021"},
{"user_id":51,"username":"chargreaves1e","email":"lday1e@pinterest.com","phone_number":"191-454-9277","last_login":"10/15/2020"},
{"user_id":52,"username":"agaytor1f","email":"acresar1f@t-online.de","phone_number":"935-943-1124","last_login":"12/2/2020"},
{"user_id":53,"username":"remptage1g","email":"vrabbe1g@quantcast.com","phone_number":"228-614-8647","last_login":"1/2/2021"},
{"user_id":54,"username":"astquentin1h","email":"ihoofe1h@example.com","phone_number":"658-189-8697","last_login":"12/16/2020"},
{"user_id":55,"username":"bbuesnel1i","email":"pcircuit1i@oakley.com","phone_number":"521-390-8748","last_login":"9/20/2021"},
{"user_id":56,"username":"wblare1j","email":"kphillott1j@ovh.net","phone_number":"808-997-3682","last_login":"2/3/2021"},
{"user_id":57,"username":"zportail1k","email":"bfowlie1k@hp.com","phone_number":"350-324-2690","last_login":"1/11/2021"},
{"user_id":58,"username":"dtaberer1l","email":"cbewsey1l@cyberchimps.com","phone_number":"277-188-8459","last_login":"12/12/2021"},
{"user_id":59,"username":"mdix1m","email":"breedman1m@toplist.cz","phone_number":"334-419-7074","last_login":"4/22/2021"},
{"user_id":60,"username":"bdaviddi1n","email":"todunniom1n@w3.org","phone_number":"318-214-8629","last_login":"3/16/2020"},
{"user_id":61,"username":"gtoopin1o","email":"kgotthardsf1o@npr.org","phone_number":"555-328-0465","last_login":"4/23/2020"},
{"user_id":62,"username":"emonday1p","email":"odurn1p@wordpress.org","phone_number":"416-711-7082","last_login":"4/23/2021"},
{"user_id":63,"username":"glesor1q","email":"lblackhall1q@pinterest.com","phone_number":"563-739-5138","last_login":"3/7/2021"},
{"user_id":64,"username":"mbaraclough1r","email":"maery1r@buzzfeed.com","phone_number":"109-560-4604","last_login":"8/3/2020"},
{"user_id":65,"username":"lgrayland1s","email":"rpetche1s@freewebs.com","phone_number":"677-996-8477","last_login":"5/2/2021"},
{"user_id":66,"username":"aivers1t","email":"mmaudson1t@discuz.net","phone_number":"595-679-4209","last_login":"1/3/2021"},
{"user_id":67,"username":"xdecourtney1u","email":"jmccaffery1u@tumblr.com","phone_number":"943-391-3084","last_login":"6/25/2021"},
{"user_id":68,"username":"omaith1v","email":"lcolam1v@java.com","phone_number":"583-818-1318","last_login":"8/23/2020"},
{"user_id":69,"username":"lelcock1w","email":"gcaygill1w@buzzfeed.com","phone_number":"747-809-1068","last_login":"2/5/2020"},
{"user_id":70,"username":"ptousy1x","email":"jwraxall1x@purevolume.com","phone_number":"769-792-2296","last_login":"12/28/2021"},
{"user_id":71,"username":"ncoumbe1y","email":"fchasson1y@instagram.com","phone_number":"599-849-2715","last_login":"10/9/2020"},
{"user_id":72,"username":"fguiver1z","email":"acobbold1z@pen.io","phone_number":"878-761-0573","last_login":"8/29/2021"},
{"user_id":73,"username":"aizaks20","email":"rlilburne20@cafepress.com","phone_number":"553-947-8128","last_login":"4/22/2021"},
{"user_id":74,"username":"fghidotti21","email":"jfawssett21@topsy.com","phone_number":"409-274-2235","last_login":"4/9/2021"},
{"user_id":75,"username":"bboeter22","email":"scumbridge22@nytimes.com","phone_number":"212-899-2235","last_login":"5/21/2020"},
{"user_id":76,"username":"ptracy23","email":"goliddy23@goo.gl","phone_number":"498-586-4600","last_login":"11/9/2021"},
{"user_id":77,"username":"jjarrad24","email":"pmackomb24@yellowpages.com","phone_number":"541-667-2000","last_login":"3/1/2021"},
{"user_id":78,"username":"bleming25","email":"mtremellier25@google.co.uk","phone_number":"197-172-5576","last_login":"8/9/2021"},
{"user_id":79,"username":"brupert26","email":"cluckett26@cdc.gov","phone_number":"225-236-8140","last_login":"12/17/2021"},
{"user_id":80,"username":"rbonifacio27","email":"cjocic27@google.it","phone_number":"566-923-7525","last_login":"3/27/2020"},
{"user_id":81,"username":"fbaugh28","email":"lgluyus28@baidu.com","phone_number":"506-237-3922","last_login":"5/13/2020"},
{"user_id":82,"username":"mmacknish29","email":"obroadbent29@ucoz.com","phone_number":"203-864-8310","last_login":"11/4/2021"},
{"user_id":83,"username":"claurand2a","email":"cbrigge2a@marriott.com","phone_number":"661-159-5554","last_login":"12/21/2020"},
{"user_id":84,"username":"rgreenhaugh2b","email":"rwickmann2b@i2i.jp","phone_number":"937-958-2651","last_login":"11/10/2020"},
{"user_id":85,"username":"dgirsch2c","email":"evasilischev2c@craigslist.org","phone_number":"382-204-1051","last_login":"10/28/2020"},
{"user_id":86,"username":"cbramer2d","email":"rstruys2d@fda.gov","phone_number":"544-882-5922","last_login":"11/15/2020"},
{"user_id":87,"username":"grosenkrantz2e","email":"bboater2e@squidoo.com","phone_number":"106-631-8911","last_login":"1/1/2020"},
{"user_id":88,"username":"iyoules2f","email":"gbabonau2f@geocities.com","phone_number":"951-853-8615","last_login":"6/23/2021"},
{"user_id":89,"username":"wcoller2g","email":"hkausche2g@guardian.co.uk","phone_number":"961-608-7677","last_login":"8/9/2021"},
{"user_id":90,"username":"kmenlow2h","email":"lbeades2h@tiny.cc","phone_number":"424-253-3528","last_login":"2/19/2020"},
{"user_id":91,"username":"litzkovich2i","email":"chixson2i@pagesperso-orange.fr","phone_number":"753-540-6240","last_login":"12/28/2021"},
{"user_id":92,"username":"ntettersell2j","email":"gbernaert2j@wisc.edu","phone_number":"359-718-5533","last_login":"12/19/2021"},
{"user_id":93,"username":"bmatcham2k","email":"wfalla2k@reverbnation.com","phone_number":"414-390-5288","last_login":"11/27/2021"},
{"user_id":94,"username":"smoff2l","email":"bouchterlony2l@t-online.de","phone_number":"174-529-4692","last_login":"3/25/2021"},
{"user_id":95,"username":"aballin2m","email":"ssaket2m@jimdo.com","phone_number":"211-655-2014","last_login":"5/4/2020"},
{"user_id":96,"username":"lbrundall2n","email":"khelkin2n@issuu.com","phone_number":"479-391-8053","last_login":"12/13/2021"},
{"user_id":97,"username":"alethabridge2o","email":"hlace2o@usnews.com","phone_number":"411-422-6752","last_login":"3/10/2021"},
{"user_id":98,"username":"csprigg2p","email":"sfeaviour2p@nymag.com","phone_number":"795-602-9819","last_login":"10/25/2020"},
{"user_id":99,"username":"lpitceathly2q","email":"jmyhan2q@foxnews.com","phone_number":"859-706-4994","last_login":"7/29/2020"},
{"user_id":100,"username":"jgair2r","email":"bwyett2r@domainmarket.com","phone_number":"436-994-4434","last_login":"7/8/2020"}]