[
    {
        "id": 1,
        "name": "Sagar Dabas",
        "phone": 73257823,
        "visit": "10 Dec 2020",
        "paid": 6900,
        "img": "https://media.istockphoto.com/id/1311511363/photo/headshot-portrait-of-smiling-male-doctor-with-tablet.jpg?s=612x612&w=0&k=20&c=w5TecWtlA_ZHRpfGh20II-nq5AvnhpFu6BfOfMHuLMA="
    
        
    },
    {
        "id": 2,
        "name": "Alok Keshri",
        "phone": 732578543,
        "visit": "10 Dec 2024",
        "paid": 5900,
        "img": "https://media.istockphoto.com/id/1311511363/photo/headshot-portrait-of-smiling-male-doctor-with-tablet.jpg?s=612x612&w=0&k=20&c=w5TecWtlA_ZHRpfGh20II-nq5AvnhpFu6BfOfMHuLMA="
    
    },
    {
        "id": 3,
        "name": "Aditiya",
        "phone": 73254823,
        "visit": "10 Feb 2020",
        "paid": 6300,
        "img": "https://media.istockphoto.com/id/1311511363/photo/headshot-portrait-of-smiling-male-doctor-with-tablet.jpg?s=612x612&w=0&k=20&c=w5TecWtlA_ZHRpfGh20II-nq5AvnhpFu6BfOfMHuLMA="
    
    },
    {
        "id": 4,
        "name": "carl",
        "phone": 73257823,
        "visit": "10 Dec 2020",
        "paid": 6900,
        "img": "https://media.istockphoto.com/id/1311511363/photo/headshot-portrait-of-smiling-male-doctor-with-tablet.jpg?s=612x612&w=0&k=20&c=w5TecWtlA_ZHRpfGh20II-nq5AvnhpFu6BfOfMHuLMA="
    
    },
    {
        "id": 5,
        "name": "Ayush ",
        "phone": 73254823,
        "visit": "10 Dec 2020",
        "paid": 6900,
        "img": "https://media.istockphoto.com/id/1311511363/photo/headshot-portrait-of-smiling-male-doctor-with-tablet.jpg?s=612x612&w=0&k=20&c=w5TecWtlA_ZHRpfGh20II-nq5AvnhpFu6BfOfMHuLMA="
    
    }
    
]